Index,Customer Id,First Name,Last Name,Phone 1
1,DD37Cf93aecA6Dc,Sheryl,Baxter,229.077.5154
2,1Ef7b82A4CAAD10,Preston,Lozano,5153435776
3,6F94879bDAfE5a6,Roy,Berry,+1-539-402-0259
4,5Cef8BFA16c5e3c,Linda,Olsen,001-808-617-6467x12895
5,053d585Ab6b3159,Joanna,Bender,001-234-203-0635x76146
6,2d08FB17EE273F4,Aimee,Downs,(283)437-3886x88321
7,EA4d384DfDbBf77,Darren,Peck,(496)452-6181x3291
8,0e04AFde9f225dE,Brett,Mullen,001-583-352-7197x297
9,C2dE4dEEc489ae0,Sheryl,Meyers,854-138-4911x5772
10,8C2811a503C7c5a,Michelle,Gallagher,739.218.2516x459
11,216E205d6eBb815,Carl,Schroeder,637-854-0256x825
12,CEDec94deE6d69B,Jenna,Dodson,(041)737-3846
13,e35426EbDEceaFF,Tracey,Mata,001-949-844-8787
14,A08A8aF8BE9FaD4,Kristine,Cox,786-284-3358x62152
15,6fEaA1b7cab7B6C,Faith,Lutz,(781)861-7180x8306
16,8cad0b4CBceaeec,Miranda,Beasley,540.085.3135x185
17,a5DC21AE3a21eaA,Caroline,Foley,936.222.4746x9924
18,F8Aa9d6DfcBeeF8,Greg,Mata,(701)087-2415
19,F160f5Db3EfE973,Clifford,Jacobson,001-151-330-3524x0469
20,0F60FF3DdCd7aB0,Joanna,Kirk,(266)131-7001x711
21,9F9AdB7B8A6f7F2,Maxwell,Frye,423.262.3059
22,FBd0Ded4F02a742,Kiara,Houston,001-274-040-3582x10611
23,2FB0FAA1d429421,Colleen,Howard,1935085151
24,010468dAA11382c,Janet,Valenzuela,354.259.5062x7538
25,eC1927Ca84E033e,Shane,Wilcox,(429)005-9030x11004
26,09D7D7C8Fe09aea,Marcus,Moody,674-677-8623
27,aBdfcF2c50b0bfD,Dakota,Poole,(371)987-8576x4720
28,b92EBfdF8a3f0E6,Frederick,Harper,+1-077-121-1558x0687
29,3B5dAAFA41AFa22,Stefanie,Fitzpatrick,(752)776-3286
30,EDA69ca7a6e96a2,Kent,Bradshaw,+1-472-143-5037x884
31,64DCcDFaB9DFd4e,Jack,Tate,965-108-4406x20714
32,679c6c83DD872d6,Tom,Trujillo,416-338-3758
33,7Ce381e4Afa4ba9,Gabriel,Mejia,4077245425
34,A09AEc6E3bF70eE,Kaitlyn,Santana,6303643286
35,aA9BAFfBc3710fe,Faith,Moon,+1-586-217-0359x6317
36,E11dfb2DB8C9f72,Tammie,Haley,001-276-734-4113x6087
37,889eCf90f68c5Da,Nicholas,Sosa,(661)425-6042
38,7a1Ee69F4fF4B4D,Jordan,Gay,7208417020
39,dca4f1D0A0fc5c9,Bruce,Esparza,559-529-4424
40,17aD8e2dB3df03D,Sherry,Garza,001-067-713-6440x158
41,2f79Cd309624Abb,Natalie,Gentry,830.996.8238
42,6e5ad5a5e2bB5Ca,Bryan,Dunn,001-710-802-5565
43,7E441b6B228DBcA,Wayne,Simpson,(344)156-8632x1869
44,D3fC11A9C235Dc6,Luis,Greer,001-336-025-6849x701
45,30Dfa48fe5Ede78,Rhonda,Frost,(127)081-9339
46,fD780ED8dbEae7B,Joanne,Montes,(897)726-7952
47,300A40d3ce24bBA,Geoffrey,Guzman,975.235.8921x269
48,283DFCD0Dba40aF,Gloria,Mccall,445-603-6729
49,F4Fc91fEAEad286,Brady,Cohen,741.849.0139x524
50,80F33Fd2AcebF05,Latoya,Mccann,(530)287-4548x29481
51,Aa20BDe68eAb0e9,Gerald,Hawkins,+1-323-239-1456x96168
52,e898eEB1B9FE22b,Samuel,Crawford,802-242-7457
53,faCEF517ae7D8eB,Patricia,Goodwin,322.549.7139x70040
54,c09952De6Cda8aA,Stacie,Richard,001-622-948-3641x24810
55,f3BEf3Be028166f,Robin,West,698.303.4267
56,C6F2Fc6a7948a4e,Ralph,Haas,2239271999
57,c8FE57cBBdCDcb2,Phyllis,Maldonado,4500370767
58,B5acdFC982124F2,Danny,Parrish,(669)384-8597x8794
59,8c7DdF10798bCC3,Kathy,Hill,001-171-716-2175x310
60,C681dDd0cc422f7,Kelli,Hardy,020.324.2191x2022
61,a940cE42e035F28,Lynn,Pham,846.468.6834x611
62,9Cf5E6AFE0aeBfd,Shelley,Harris,423.098.0315x8373
63,aEcbe5365BbC67D,Eddie,Jimenez,+1-235-657-1073x6306
64,FCBdfCEAe20A8Dc,Chloe,Hutchinson,981-544-9452
65,636cBF0835E10ff,Eileen,Lynch,+1-158-951-4131x53578
66,fF1b6c9E8Fbf1ff,Fernando,Lambert,497.829.9038
67,2A13F74EAa7DA6c,Makayla,Cannon,001-215-801-6392x46009
68,a014Ec1b9FccC1E,Tom,Alvarado,(585)606-2980x2258
69,421a109cABDf5fa,Virginia,Dudley,027.846.3705x14184
70,CC68FD1D3Bbbf22,Riley,Good,6977745822
71,CBCd2Ac8E3eBDF9,Alexandria,Buck,078-900-4760x76668
72,Ef859092FbEcC07,Richard,Roth,581-440-6539
73,F560f2d3cDFb618,Candice,Keller,001-927-965-8550x92406
74,A3F76Be153Df4a3,Anita,Benson,874.617.5668x69878
75,D01Af0AF7cBbFeA,Regina,Stein,001-469-848-0724x4407
76,d40e89dCade7b2F,Debra,Riddle,+1-768-182-6014x14336
77,BF6a1f9bd1bf8DE,Brittany,Zuniga,(050)136-9025
78,FfaeFFbbbf280db,Cassidy,Mcmahon,5040771311
79,CbAE1d1e9a8dCb1,Laurie,Pennington,007.155.3406x553
80,A7F85c1DE4dB87f,Alejandro,Blair,(690)068-4641x51468
81,D6CEAfb3BDbaa1A,Leslie,Jennings,629.198.6346
82,Ebdb6F6F7c90b69,Kathleen,Mckay,(733)910-9968
83,E8E7e8Cfe516ef0,Hunter,Moreno,(733)833-6754
84,78C06E9b6B3DF20,Chad,Davidson,8275702958
85,03A1E62ADdeb31c,Corey,Holt,001-439-242-4986x7918
86,C6763c99d0bd16D,Emma,Cunningham,128-059-0206x60217
87,ebe77E5Bf9476CE,Duane,Woods,(636)544-7783x7288
88,E4Bbcd8AD81fC5f,Alison,Vargas,365-273-8144
89,efeb73245CDf1fF,Vernon,Kane,114-854-1159x555
90,37Ec4B395641c1E,Lori,Flowers,679.415.1210
91,5ef6d3eefdD43bE,Nina,Chavez,053-344-3205
92,98b3aeDcC3B9FF3,Shane,Foley,+1-822-569-0302
93,aAb6AFc7AfD0fF3,Collin,Ayers,404-645-5351x012
94,54B5B5Fe9F1B6C5,Sherry,Young,158-687-1764
95,BE91A0bdcA49Bbc,Darrell,Douglas,001-084-845-9524x1777
96,cb8E23e48d22Eae,Karl,Greer,(188)169-1674x58692
97,CeD220bdAaCfaDf,Lynn,Atkinson,+1-846-706-2218
98,28CDbC0dFe4b1Db,Fred,Guerra,+1-753-067-8419x7170
99,c23d1D9EE8DEB0A,Yvonne,Farmer,(530)311-9786
100,2354a0E336A91A1,Clarence,Haynes,(753)813-6941
